-- CREATE DATABASE  IF NOT EXISTS `ug207337_mosaic2` /*!40100 DEFAULT CHARACTER SET utf8 */;
USE `ug207337_mosaic2`;
-- MySQL dump 10.13  Distrib 5.5.40, for Linux (x86_64)
--
-- Host: localhost    Database: ug207337_mosaic2
-- ------------------------------------------------------
-- Server version	5.5.40

/*!40101 SET @OLD_CHARACTER_SET_CLIENT=@@CHARACTER_SET_CLIENT */;
/*!40101 SET @OLD_CHARACTER_SET_RESULTS=@@CHARACTER_SET_RESULTS */;
/*!40101 SET @OLD_COLLATION_CONNECTION=@@COLLATION_CONNECTION */;
/*!40101 SET NAMES utf8 */;
/*!40103 SET @OLD_TIME_ZONE=@@TIME_ZONE */;
/*!40103 SET TIME_ZONE='+00:00' */;
/*!40014 SET @OLD_UNIQUE_CHECKS=@@UNIQUE_CHECKS, UNIQUE_CHECKS=0 */;
/*!40014 SET @OLD_FOREIGN_KEY_CHECKS=@@FOREIGN_KEY_CHECKS, FOREIGN_KEY_CHECKS=0 */;
/*!40101 SET @OLD_SQL_MODE=@@SQL_MODE, SQL_MODE='NO_AUTO_VALUE_ON_ZERO' */;
/*!40111 SET @OLD_SQL_NOTES=@@SQL_NOTES, SQL_NOTES=0 */;

--
-- Table structure for table `Addresses`
--

DROP TABLE IF EXISTS `Addresses`;
/*!40101 SET @saved_cs_client     = @@character_set_client */;
/*!40101 SET character_set_client = utf8 */;
CREATE TABLE `Addresses` (
  `AddressID` int(10) unsigned NOT NULL AUTO_INCREMENT,
  `UserID` int(10) unsigned NOT NULL,
  `FullName` varchar(256) NOT NULL,
  `Street` varchar(256) NOT NULL,
  `Locality` varchar(256) DEFAULT NULL,
  `PostTown` varchar(256) NOT NULL,
  `Postcode` varchar(256) NOT NULL,
  `PhoneNumber` varchar(256) DEFAULT NULL,
  PRIMARY KEY (`AddressID`),
  UNIQUE KEY `AddressID_UNIQUE` (`AddressID`),
  KEY `UserID_idx` (`UserID`)
) ENGINE=InnoDB AUTO_INCREMENT=5 DEFAULT CHARSET=utf8;
/*!40101 SET character_set_client = @saved_cs_client */;

--
-- Dumping data for table `Addresses`
--

LOCK TABLES `Addresses` WRITE;
/*!40000 ALTER TABLE `Addresses` DISABLE KEYS */;
INSERT INTO `Addresses` VALUES (1,0,'Pan Test','ul. Testowa 42','na jachcie','na morzu','tajne kody',NULL),(2,0,'asd','dsa','Lokal','majka`','123',NULL),(3,1,'Ful','name ulica','lokal','miasto','kot',NULL),(4,2,'k','k','k','k','k',NULL);
/*!40000 ALTER TABLE `Addresses` ENABLE KEYS */;
UNLOCK TABLES;

--
-- Table structure for table `OrderProducts`
--

DROP TABLE IF EXISTS `OrderProducts`;
/*!40101 SET @saved_cs_client     = @@character_set_client */;
/*!40101 SET character_set_client = utf8 */;
CREATE TABLE `OrderProducts` (
  `OrderID` int(10) unsigned NOT NULL,
  `ProductID` int(10) unsigned NOT NULL,
  `ProductName` varchar(64) NOT NULL,
  `DisplayType` varchar(64) NOT NULL,
  `Quantity` int(11) NOT NULL,
  `Price` decimal(10,2) NOT NULL,
  `Path` varchar(128) NOT NULL,
  `PriceType` varchar(32) NOT NULL,
  `Description` varchar(128) DEFAULT NULL,
  KEY `OrderID_idx` (`OrderID`),
  KEY `ProductID_idx` (`ProductID`),
  CONSTRAINT `OrderID` FOREIGN KEY (`OrderID`) REFERENCES `Orders` (`OrderID`) ON DELETE CASCADE ON UPDATE CASCADE,
  CONSTRAINT `ProductID` FOREIGN KEY (`ProductID`) REFERENCES `Products` (`ProductID`) ON DELETE NO ACTION ON UPDATE NO ACTION
) ENGINE=InnoDB DEFAULT CHARSET=utf8;
/*!40101 SET character_set_client = @saved_cs_client */;

--
-- Dumping data for table `OrderProducts`
--

LOCK TABLES `OrderProducts` WRITE;
/*!40000 ALTER TABLE `OrderProducts` DISABLE KEYS */;
INSERT INTO `OrderProducts` VALUES (3,85,'Sydney Design','Border per linear metre: Loose Tiles',4,36.25,'/img/catalogue/unglazed/victorian-9mm/pl-x21.jpg','PriceLinearLoose',NULL),(4,134,'Bahamas 348x348','Standard',1,79.40,'/img/catalogue/glazed/tiles2.5x2.5-cmm/Bahamas 348x348.jpg','Price',NULL),(5,84,'Coral Design','Field per square meter: Loose Tiles',4,311.25,'/img/catalogue/unglazed/victorian-9mm/pl-x15.jpg','PriceSquareLoose',NULL),(6,85,'Sydney Design','Field per square meter: Loose Tiles',3,339.25,'/img/catalogue/unglazed/victorian-9mm/pl-x21.jpg','PriceSquareLoose',NULL),(7,85,'Sydney Design','Field per square meter: Loose Tiles',3,339.25,'/img/catalogue/unglazed/victorian-9mm/pl-x21.jpg','PriceSquareLoose',NULL),(8,85,'Sydney Design','Field per square meter: Loose Tiles',3,339.25,'/img/catalogue/unglazed/victorian-9mm/pl-x21.jpg','PriceSquareLoose',NULL),(9,85,'Sydney Design','Field per square meter: Loose Tiles',3,339.25,'/img/catalogue/unglazed/victorian-9mm/pl-x21.jpg','PriceSquareLoose',NULL),(10,85,'Sydney Design','Field per square meter: Loose Tiles',3,339.25,'/img/catalogue/unglazed/victorian-9mm/pl-x21.jpg','PriceSquareLoose',NULL),(11,134,'Bahamas 348x348','Standard',2,79.40,'/img/catalogue/glazed/tiles2.5x2.5-cmm/Bahamas 348x348.jpg','Price',NULL),(12,134,'Bahamas 348x348','Standard',1,79.40,'/img/catalogue/glazed/tiles2.5x2.5-cmm/Bahamas 348x348.jpg','Price',NULL),(13,104,'Amethyste 348x348','Standard',1,119.45,'/img/catalogue/satin&matt/tiles2.5x2.5-cmm/Amethyste 348x348.jpg','Price',NULL),(14,104,'Amethyste 348x348','Standard',1,119.45,'/img/catalogue/satin&matt/tiles2.5x2.5-cmm/Amethyste 348x348.jpg','Price',NULL);
/*!40000 ALTER TABLE `OrderProducts` ENABLE KEYS */;
UNLOCK TABLES;

--
-- Table structure for table `Orders`
--

DROP TABLE IF EXISTS `Orders`;
/*!40101 SET @saved_cs_client     = @@character_set_client */;
/*!40101 SET character_set_client = utf8 */;
CREATE TABLE `Orders` (
  `OrderID` int(10) unsigned NOT NULL AUTO_INCREMENT,
  `UserID` int(10) unsigned NOT NULL,
  `AddressID` int(10) unsigned NOT NULL,
  `Value` decimal(10,2) unsigned NOT NULL,
  `Status` enum('Placed','Shipped') NOT NULL,
  `PlacementDate` timestamp NOT NULL DEFAULT CURRENT_TIMESTAMP,
  PRIMARY KEY (`OrderID`),
  UNIQUE KEY `OrderID_UNIQUE` (`OrderID`),
  KEY `UserID_idx` (`UserID`),
  KEY `fk_AddressID_idx` (`AddressID`),
  CONSTRAINT `AddressID` FOREIGN KEY (`AddressID`) REFERENCES `Addresses` (`AddressID`) ON DELETE NO ACTION ON UPDATE CASCADE,
  CONSTRAINT `UserID` FOREIGN KEY (`UserID`) REFERENCES `Users` (`UserID`) ON DELETE NO ACTION ON UPDATE NO ACTION
) ENGINE=InnoDB AUTO_INCREMENT=15 DEFAULT CHARSET=utf8;
/*!40101 SET character_set_client = @saved_cs_client */;

--
-- Dumping data for table `Orders`
--

LOCK TABLES `Orders` WRITE;
/*!40000 ALTER TABLE `Orders` DISABLE KEYS */;
INSERT INTO `Orders` VALUES (3,1,1,145.00,'Placed','2014-08-31 12:53:54'),(4,1,2,79.40,'Placed','2014-09-09 15:18:06'),(5,1,2,1245.00,'Placed','2014-09-13 11:37:44'),(6,1,2,1017.75,'Placed','2014-09-14 15:03:29'),(7,1,2,1017.75,'Placed','2014-09-14 15:17:27'),(8,1,2,1017.75,'Placed','2014-09-17 11:42:58'),(9,1,2,1017.75,'Placed','2014-09-17 11:44:09'),(10,1,2,1017.75,'Placed','2014-09-17 11:47:49'),(11,1,2,158.80,'Placed','2014-09-17 12:28:11'),(12,1,3,79.40,'Placed','2014-09-18 15:02:42'),(13,1,3,119.45,'Placed','2014-09-28 17:38:25'),(14,1,3,119.45,'Placed','2014-09-28 17:48:14');
/*!40000 ALTER TABLE `Orders` ENABLE KEYS */;
UNLOCK TABLES;

--
-- Table structure for table `Products`
--

DROP TABLE IF EXISTS `Products`;
/*!40101 SET @saved_cs_client     = @@character_set_client */;
/*!40101 SET character_set_client = utf8 */;
CREATE TABLE `Products` (
  `ProductID` int(10) unsigned NOT NULL AUTO_INCREMENT,
  `ProductName` varchar(64) NOT NULL,
  `Category` varchar(32) NOT NULL,
  `Path` varchar(128) NOT NULL,
  `Description` varchar(255) DEFAULT NULL,
  `Price` decimal(10,2) DEFAULT NULL,
  `PriceSquareLoose` decimal(10,2) DEFAULT NULL,
  `PriceSquareAssembled` decimal(10,2) DEFAULT NULL,
  `PriceLinearLoose` decimal(10,2) DEFAULT NULL,
  `PriceLinearAssembled` decimal(10,2) DEFAULT NULL,
  `Price1x1` decimal(10,2) DEFAULT NULL,
  `Price2x2` decimal(10,2) DEFAULT NULL,
  `Price25x25` decimal(10,2) DEFAULT NULL,
  PRIMARY KEY (`ProductName`),
  UNIQUE KEY `ProductID_UNIQUE` (`ProductID`),
  UNIQUE KEY `ProductName_UNIQUE` (`ProductName`),
  UNIQUE KEY `Path_UNIQUE` (`Path`)
) ENGINE=InnoDB AUTO_INCREMENT=1528 DEFAULT CHARSET=utf8;
/*!40101 SET character_set_client = @saved_cs_client */;

--
-- Dumping data for table `Products`
--

LOCK TABLES `Products` WRITE;
/*!40000 ALTER TABLE `Products` DISABLE KEYS */;
INSERT INTO `Products` VALUES (327,'AD-01','mosaicdesigns_mosaicdesigns','/img/catalogue/mosaicdesigns/mosaicdesigns/a1.jpg',NULL,NULL,NULL,NULL,NULL,NULL,NULL,NULL,NULL),(328,'AD-02','mosaicdesigns_mosaicdesigns','/img/catalogue/mosaicdesigns/mosaicdesigns/a2.jpg',NULL,NULL,NULL,NULL,NULL,NULL,NULL,NULL,NULL),(329,'AD-03','mosaicdesigns_mosaicdesigns','/img/catalogue/mosaicdesigns/mosaicdesigns/a3.jpg',NULL,NULL,NULL,NULL,NULL,NULL,NULL,NULL,NULL),(330,'AD-04','mosaicdesigns_mosaicdesigns','/img/catalogue/mosaicdesigns/mosaicdesigns/a4.jpg',NULL,NULL,NULL,NULL,NULL,NULL,NULL,NULL,NULL),(331,'AD-05','mosaicdesigns_mosaicdesigns','/img/catalogue/mosaicdesigns/mosaicdesigns/a5.jpg',NULL,NULL,NULL,NULL,NULL,NULL,NULL,NULL,NULL),(810,'AD-06','mosaicdesigns_mosaicdesigns','/img/catalogue/mosaicdesigns/mosaicdesigns/KOBIETA 01 116x260.jpg',NULL,NULL,NULL,NULL,NULL,NULL,NULL,NULL,NULL),(811,'AD-07','mosaicdesigns_mosaicdesigns','/img/catalogue/mosaicdesigns/mosaicdesigns/KOBIETA 02 116x260.jpg',NULL,NULL,NULL,NULL,NULL,NULL,NULL,NULL,NULL),(812,'AD-08','mosaicdesigns_mosaicdesigns','/img/catalogue/mosaicdesigns/mosaicdesigns/KOBIETA 03.jpg',NULL,NULL,NULL,NULL,NULL,NULL,NULL,NULL,NULL),(813,'AD-09','mosaicdesigns_mosaicdesigns','/img/catalogue/mosaicdesigns/mosaicdesigns/KOBIETA 05.jpg',NULL,NULL,NULL,NULL,NULL,NULL,NULL,NULL,NULL),(807,'AD-10','mosaicdesigns_mosaicdesigns','/img/catalogue/mosaicdesigns/mosaicdesigns/FL14 -150x200.jpg',NULL,NULL,NULL,NULL,NULL,NULL,NULL,NULL,NULL),(778,'AD-11','mosaicdesigns_mosaicdesigns','/img/catalogue/mosaicdesigns/mosaicdesigns/B 10.106 - 2.jpg',NULL,NULL,NULL,NULL,NULL,NULL,NULL,NULL,NULL),(808,'AD-121','mosaicdesigns_mosaicdesigns','/img/catalogue/mosaicdesigns/mosaicdesigns/FLOR 117 -105x240.jpg',NULL,NULL,NULL,NULL,NULL,NULL,NULL,NULL,NULL),(809,'AD-122','mosaicdesigns_mosaicdesigns','/img/catalogue/mosaicdesigns/mosaicdesigns/FLOR 16 -133x260.jpg',NULL,NULL,NULL,NULL,NULL,NULL,NULL,NULL,NULL),(787,'AD-125','mosaicdesigns_mosaicdesigns','/img/catalogue/mosaicdesigns/mosaicdesigns/B10 105.jpg',NULL,NULL,NULL,NULL,NULL,NULL,NULL,NULL,NULL),(788,'AD-126','mosaicdesigns_mosaicdesigns','/img/catalogue/mosaicdesigns/mosaicdesigns/B10 108.jpg',NULL,NULL,NULL,NULL,NULL,NULL,NULL,NULL,NULL),(789,'AD-127','mosaicdesigns_mosaicdesigns','/img/catalogue/mosaicdesigns/mosaicdesigns/B10 109.jpg',NULL,NULL,NULL,NULL,NULL,NULL,NULL,NULL,NULL),(790,'AD-128','mosaicdesigns_mosaicdesigns','/img/catalogue/mosaicdesigns/mosaicdesigns/B10.112.jpg',NULL,NULL,NULL,NULL,NULL,NULL,NULL,NULL,NULL),(905,'AD-13','mosaicdesigns_mosaicdesigns','/img/catalogue/mosaicdesigns/mosaicdesigns/kobieta 06.jpg',NULL,NULL,NULL,NULL,NULL,NULL,NULL,NULL,NULL),(1210,'AD-14','mosaicdesigns_mosaicdesigns','/img/catalogue/mosaicdesigns/mosaicdesigns/statua wolnosci.jpg',NULL,NULL,NULL,NULL,NULL,NULL,NULL,NULL,NULL),(814,'AD-15','mosaicdesigns_mosaicdesigns','/img/catalogue/mosaicdesigns/mosaicdesigns/KOBIETA 07.jpg',NULL,NULL,NULL,NULL,NULL,NULL,NULL,NULL,NULL),(815,'AD-16','mosaicdesigns_mosaicdesigns','/img/catalogue/mosaicdesigns/mosaicdesigns/KOBIETA 08.jpg',NULL,NULL,NULL,NULL,NULL,NULL,NULL,NULL,NULL),(816,'AD-17','mosaicdesigns_mosaicdesigns','/img/catalogue/mosaicdesigns/mosaicdesigns/MARLIN MONROE 2.jpg',NULL,NULL,NULL,NULL,NULL,NULL,NULL,NULL,NULL),(817,'AD-18','mosaicdesigns_mosaicdesigns','/img/catalogue/mosaicdesigns/mosaicdesigns/MARLIN MONROE 3.jpg',NULL,NULL,NULL,NULL,NULL,NULL,NULL,NULL,NULL),(791,'AD-19','mosaicdesigns_mosaicdesigns','/img/catalogue/mosaicdesigns/mosaicdesigns/FL 15 - 429X275.jpg',NULL,NULL,NULL,NULL,NULL,NULL,NULL,NULL,NULL),(804,'AD-20','mosaicdesigns_mosaicdesigns','/img/catalogue/mosaicdesigns/mosaicdesigns/FL11 -108x312.jpg',NULL,NULL,NULL,NULL,NULL,NULL,NULL,NULL,NULL),(332,'AD-201','mosaicdesigns_mosaicdesigns','/img/catalogue/mosaicdesigns/mosaicdesigns/d_01.jpg',NULL,NULL,NULL,NULL,NULL,NULL,3264.00,4285.00,9524.00),(333,'AD-202','mosaicdesigns_mosaicdesigns','/img/catalogue/mosaicdesigns/mosaicdesigns/d_02.jpg',NULL,NULL,NULL,NULL,NULL,NULL,511.00,703.00,1143.00),(334,'AD-203','mosaicdesigns_mosaicdesigns','/img/catalogue/mosaicdesigns/mosaicdesigns/d_03.jpg',NULL,NULL,NULL,NULL,NULL,NULL,180.00,204.00,342.00),(335,'AD-204','mosaicdesigns_mosaicdesigns','/img/catalogue/mosaicdesigns/mosaicdesigns/d_04.jpg',NULL,NULL,NULL,NULL,NULL,NULL,398.00,496.00,653.00),(336,'AD-205','mosaicdesigns_mosaicdesigns','/img/catalogue/mosaicdesigns/mosaicdesigns/d_05.jpg',NULL,NULL,NULL,NULL,NULL,NULL,399.00,525.00,863.00),(337,'AD-206','mosaicdesigns_mosaicdesigns','/img/catalogue/mosaicdesigns/mosaicdesigns/d_06.jpg',NULL,NULL,NULL,NULL,NULL,NULL,998.00,1432.00,1980.00),(338,'AD-207','mosaicdesigns_mosaicdesigns','/img/catalogue/mosaicdesigns/mosaicdesigns/d_07.jpg',NULL,NULL,NULL,NULL,NULL,NULL,1340.00,1725.00,2645.00),(339,'AD-208','mosaicdesigns_mosaicdesigns','/img/catalogue/mosaicdesigns/mosaicdesigns/d_08.jpg',NULL,NULL,NULL,NULL,NULL,NULL,940.00,1087.00,1428.00),(340,'AD-209','mosaicdesigns_mosaicdesigns','/img/catalogue/mosaicdesigns/mosaicdesigns/d_09.jpg',NULL,NULL,NULL,NULL,NULL,NULL,511.00,706.00,1140.00),(341,'AD-210','mosaicdesigns_mosaicdesigns','/img/catalogue/mosaicdesigns/mosaicdesigns/d_10.jpg',NULL,NULL,NULL,NULL,NULL,NULL,332.00,483.00,713.00),(342,'AD-211','mosaicdesigns_mosaicdesigns','/img/catalogue/mosaicdesigns/mosaicdesigns/d_11.jpg',NULL,NULL,NULL,NULL,NULL,NULL,1140.00,1625.00,2852.00),(343,'AD-212','mosaicdesigns_mosaicdesigns','/img/catalogue/mosaicdesigns/mosaicdesigns/d_13.jpg',NULL,NULL,NULL,NULL,NULL,NULL,NULL,NULL,NULL),(344,'AD-213','mosaicdesigns_mosaicdesigns','/img/catalogue/mosaicdesigns/mosaicdesigns/d_14.jpg',NULL,NULL,NULL,NULL,NULL,NULL,380.00,511.00,711.00),(345,'AD-214','mosaicdesigns_mosaicdesigns','/img/catalogue/mosaicdesigns/mosaicdesigns/d_15.jpg',NULL,NULL,NULL,NULL,NULL,NULL,1130.00,1711.00,2746.00),(346,'AD-215','mosaicdesigns_mosaicdesigns','/img/catalogue/mosaicdesigns/mosaicdesigns/d_16.jpg',NULL,NULL,NULL,NULL,NULL,NULL,350.00,493.00,690.00),(347,'AD-216','mosaicdesigns_mosaicdesigns','/img/catalogue/mosaicdesigns/mosaicdesigns/d_17.jpg',NULL,NULL,NULL,NULL,NULL,NULL,1423.00,2103.00,2844.00),(792,'AD-217','mosaicdesigns_mosaicdesigns','/img/catalogue/mosaicdesigns/mosaicdesigns/FL 20 -146x260.jpg',NULL,NULL,NULL,NULL,NULL,NULL,NULL,NULL,NULL),(793,'AD-218','mosaicdesigns_mosaicdesigns','/img/catalogue/mosaicdesigns/mosaicdesigns/FL 21 - 145x300.jpg',NULL,NULL,NULL,NULL,NULL,NULL,NULL,NULL,NULL),(794,'AD-219','mosaicdesigns_mosaicdesigns','/img/catalogue/mosaicdesigns/mosaicdesigns/FL 22 -107x260.jpg',NULL,NULL,NULL,NULL,NULL,NULL,NULL,NULL,NULL),(348,'AD-22','mosaicdesigns_mosaicdesigns','/img/catalogue/mosaicdesigns/mosaicdesigns/d_18.jpg',NULL,NULL,NULL,NULL,NULL,NULL,835.00,1126.00,1458.00),(795,'AD-220','mosaicdesigns_mosaicdesigns','/img/catalogue/mosaicdesigns/mosaicdesigns/FL 23 -180x220.jpg',NULL,NULL,NULL,NULL,NULL,NULL,NULL,NULL,NULL),(797,'AD-221','mosaicdesigns_mosaicdesigns','/img/catalogue/mosaicdesigns/mosaicdesigns/FL 24 .jpg',NULL,NULL,NULL,NULL,NULL,NULL,NULL,NULL,NULL),(796,'AD-222','mosaicdesigns_mosaicdesigns','/img/catalogue/mosaicdesigns/mosaicdesigns/FL 24 -96x204.jpg',NULL,NULL,NULL,NULL,NULL,NULL,NULL,NULL,NULL),(798,'AD-223','mosaicdesigns_mosaicdesigns','/img/catalogue/mosaicdesigns/mosaicdesigns/FL 25 -140x300.jpg',NULL,NULL,NULL,NULL,NULL,NULL,NULL,NULL,NULL),(799,'AD-224','mosaicdesigns_mosaicdesigns','/img/catalogue/mosaicdesigns/mosaicdesigns/FL 26 .jpg',NULL,NULL,NULL,NULL,NULL,NULL,NULL,NULL,NULL),(800,'AD-225','mosaicdesigns_mosaicdesigns','/img/catalogue/mosaicdesigns/mosaicdesigns/FL 27 -132x250.jpg',NULL,NULL,NULL,NULL,NULL,NULL,NULL,NULL,NULL),(801,'AD-226','mosaicdesigns_mosaicdesigns','/img/catalogue/mosaicdesigns/mosaicdesigns/FL 28 -275x260.jpg',NULL,NULL,NULL,NULL,NULL,NULL,NULL,NULL,NULL),(802,'AD-227','mosaicdesigns_mosaicdesigns','/img/catalogue/mosaicdesigns/mosaicdesigns/FL 29 -131x250.jpg',NULL,NULL,NULL,NULL,NULL,NULL,NULL,NULL,NULL),(803,'AD-228','mosaicdesigns_mosaicdesigns','/img/catalogue/mosaicdesigns/mosaicdesigns/FL 30 -131x250.jpg',NULL,NULL,NULL,NULL,NULL,NULL,NULL,NULL,NULL),(349,'AD-23','mosaicdesigns_mosaicdesigns','/img/catalogue/mosaicdesigns/mosaicdesigns/d_19.jpg',NULL,NULL,NULL,NULL,NULL,NULL,483.00,594.00,1108.00),(904,'AD-230','mosaicdesigns_mosaicdesigns','/img/catalogue/mosaicdesigns/mosaicdesigns/kobieta 04.jpg',NULL,NULL,NULL,NULL,NULL,NULL,NULL,NULL,NULL),(785,'AD-231','mosaicdesigns_mosaicdesigns','/img/catalogue/mosaicdesigns/mosaicdesigns/B.10 161A-(125x156cm.jpg',NULL,NULL,NULL,NULL,NULL,NULL,NULL,NULL,NULL),(906,'AD-232','mosaicdesigns_mosaicdesigns','/img/catalogue/mosaicdesigns/mosaicdesigns/sandro_botticelli_narodziny-venus.jpg',NULL,NULL,NULL,NULL,NULL,NULL,NULL,NULL,NULL),(350,'AD-24','mosaicdesigns_mosaicdesigns','/img/catalogue/mosaicdesigns/mosaicdesigns/d_20.jpg',NULL,NULL,NULL,NULL,NULL,NULL,487.00,632.00,793.00),(351,'AD-25','mosaicdesigns_mosaicdesigns','/img/catalogue/mosaicdesigns/mosaicdesigns/d_21.jpg',NULL,NULL,NULL,NULL,NULL,NULL,2934.00,3058.00,3945.00),(352,'AD-26','mosaicdesigns_mosaicdesigns','/img/catalogue/mosaicdesigns/mosaicdesigns/d_22.jpg',NULL,NULL,NULL,NULL,NULL,NULL,295.00,390.00,769.00),(353,'AD-27','mosaicdesigns_mosaicdesigns','/img/catalogue/mosaicdesigns/mosaicdesigns/d_23.jpg',NULL,NULL,NULL,NULL,NULL,NULL,620.00,810.00,1252.00),(354,'AD-28','mosaicdesigns_mosaicdesigns','/img/catalogue/mosaicdesigns/mosaicdesigns/d_24.jpg',NULL,NULL,NULL,NULL,NULL,NULL,2090.00,2845.00,5143.00),(355,'AD-29','mosaicdesigns_mosaicdesigns','/img/catalogue/mosaicdesigns/mosaicdesigns/d_25.jpg',NULL,NULL,NULL,NULL,NULL,NULL,330.00,470.00,654.00),(356,'AD-30','mosaicdesigns_mosaicdesigns','/img/catalogue/mosaicdesigns/mosaicdesigns/d_26.jpg',NULL,NULL,NULL,NULL,NULL,NULL,220.00,352.00,593.00),(357,'AD-31','mosaicdesigns_mosaicdesigns','/img/catalogue/mosaicdesigns/mosaicdesigns/d_27.jpg',NULL,NULL,NULL,NULL,NULL,NULL,210.00,380.00,692.00),(358,'AD-32','mosaicdesigns_mosaicdesigns','/img/catalogue/mosaicdesigns/mosaicdesigns/d_28.jpg',NULL,NULL,NULL,NULL,NULL,NULL,230.00,324.00,367.00),(359,'AD-33','mosaicdesigns_mosaicdesigns','/img/catalogue/mosaicdesigns/mosaicdesigns/d_29.jpg',NULL,NULL,NULL,NULL,NULL,NULL,112.00,140.00,192.00),(361,'AD-34','mosaicdesigns_mosaicdesigns','/img/catalogue/mosaicdesigns/mosaicdesigns/d_31.jpg',NULL,NULL,NULL,NULL,NULL,NULL,140.00,211.00,520.00),(362,'AD-35','mosaicdesigns_mosaicdesigns','/img/catalogue/mosaicdesigns/mosaicdesigns/d_32.jpg',NULL,NULL,NULL,NULL,NULL,NULL,590.00,803.00,938.00),(360,'AD-36','mosaicdesigns_mosaicdesigns','/img/catalogue/mosaicdesigns/mosaicdesigns/d_30.jpg',NULL,NULL,NULL,NULL,NULL,NULL,350.00,540.00,840.00),(363,'AD-37','mosaicdesigns_mosaicdesigns','/img/catalogue/mosaicdesigns/mosaicdesigns/d_33.jpg',NULL,NULL,NULL,NULL,NULL,NULL,1123.00,1325.00,1650.00),(364,'AD-38','mosaicdesigns_mosaicdesigns','/img/catalogue/mosaicdesigns/mosaicdesigns/d_34.jpg',NULL,NULL,NULL,NULL,NULL,NULL,203.00,360.00,442.00),(365,'AD-39','mosaicdesigns_mosaicdesigns','/img/catalogue/mosaicdesigns/mosaicdesigns/d_35.jpg',NULL,NULL,NULL,NULL,NULL,NULL,2253.00,3120.00,5421.00),(366,'AD-40','mosaicdesigns_mosaicdesigns','/img/catalogue/mosaicdesigns/mosaicdesigns/d_36.jpg',NULL,NULL,NULL,NULL,NULL,NULL,980.00,1200.00,1645.00),(367,'AD-41','mosaicdesigns_mosaicdesigns','/img/catalogue/mosaicdesigns/mosaicdesigns/d_37.jpg',NULL,NULL,NULL,NULL,NULL,NULL,330.00,519.00,703.00),(368,'AD-42','mosaicdesigns_mosaicdesigns','/img/catalogue/mosaicdesigns/mosaicdesigns/d_38.jpg',NULL,NULL,NULL,NULL,NULL,NULL,1900.00,2700.00,4129.00),(369,'AD-43','mosaicdesigns_mosaicdesigns','/img/catalogue/mosaicdesigns/mosaicdesigns/d_39.jpg',NULL,NULL,NULL,NULL,NULL,NULL,410.00,620.00,998.00),(370,'AD-44','mosaicdesigns_mosaicdesigns','/img/catalogue/mosaicdesigns/mosaicdesigns/d_40.jpg',NULL,NULL,NULL,NULL,NULL,NULL,170.00,190.00,330.00),(371,'AD-45','mosaicdesigns_mosaicdesigns','/img/catalogue/mosaicdesigns/mosaicdesigns/d_41.jpg',NULL,NULL,NULL,NULL,NULL,NULL,420.00,600.00,1111.00),(372,'AD-46','mosaicdesigns_mosaicdesigns','/img/catalogue/mosaicdesigns/mosaicdesigns/d_42.jpg',NULL,NULL,NULL,NULL,NULL,NULL,1700.00,2430.00,2660.00),(373,'AD-47','mosaicdesigns_mosaicdesigns','/img/catalogue/mosaicdesigns/mosaicdesigns/d_43.jpg',NULL,NULL,NULL,NULL,NULL,NULL,900.00,1120.00,1700.00),(374,'AD-48','mosaicdesigns_mosaicdesigns','/img/catalogue/mosaicdesigns/mosaicdesigns/d_44.jpg',NULL,NULL,NULL,NULL,NULL,NULL,3100.00,3920.00,7450.00),(375,'AD-49','mosaicdesigns_mosaicdesigns','/img/catalogue/mosaicdesigns/mosaicdesigns/d_45.jpg',NULL,NULL,NULL,NULL,NULL,NULL,350.00,420.00,700.00),(376,'AD-50','mosaicdesigns_mosaicdesigns','/img/catalogue/mosaicdesigns/mosaicdesigns/d_46.jpg',NULL,NULL,NULL,NULL,NULL,NULL,950.00,1150.00,1740.00),(377,'AD-51','mosaicdesigns_mosaicdesigns','/img/catalogue/mosaicdesigns/mosaicdesigns/d_47.jpg',NULL,NULL,NULL,NULL,NULL,NULL,700.00,1200.00,1765.00),(378,'AD-52','mosaicdesigns_mosaicdesigns','/img/catalogue/mosaicdesigns/mosaicdesigns/d_48.jpg',NULL,NULL,NULL,NULL,NULL,NULL,620.00,930.00,1600.00),(379,'AD-53','mosaicdesigns_mosaicdesigns','/img/catalogue/mosaicdesigns/mosaicdesigns/d_49.jpg',NULL,NULL,NULL,NULL,NULL,NULL,330.00,460.00,740.00),(380,'AD-54','mosaicdesigns_mosaicdesigns','/img/catalogue/mosaicdesigns/mosaicdesigns/d_50.jpg',NULL,NULL,NULL,NULL,NULL,NULL,2100.00,2740.00,5150.00),(381,'AD-55','mosaicdesigns_mosaicdesigns','/img/catalogue/mosaicdesigns/mosaicdesigns/d_52.jpg',NULL,NULL,NULL,NULL,NULL,NULL,720.00,1150.00,1640.00),(382,'AD-56','mosaicdesigns_mosaicdesigns','/img/catalogue/mosaicdesigns/mosaicdesigns/d_53.jpg',NULL,NULL,NULL,NULL,NULL,NULL,2100.00,2650.00,4150.00),(383,'AD-57','mosaicdesigns_mosaicdesigns','/img/catalogue/mosaicdesigns/mosaicdesigns/d_54.jpg',NULL,NULL,NULL,NULL,NULL,NULL,2145.00,3140.00,6125.00),(384,'AD-58','mosaicdesigns_mosaicdesigns','/img/catalogue/mosaicdesigns/mosaicdesigns/d_55.jpg',NULL,NULL,NULL,NULL,NULL,NULL,2645.00,3345.00,5150.00),(385,'AD-59','mosaicdesigns_mosaicdesigns','/img/catalogue/mosaicdesigns/mosaicdesigns/d_56.jpg',NULL,NULL,NULL,NULL,NULL,NULL,325.00,410.00,645.00),(386,'AD-60','mosaicdesigns_mosaicdesigns','/img/catalogue/mosaicdesigns/mosaicdesigns/d_57.jpg',NULL,NULL,NULL,NULL,NULL,NULL,2750.00,3145.00,4435.00),(387,'AD-61','mosaicdesigns_mosaicdesigns','/img/catalogue/mosaicdesigns/mosaicdesigns/d_58.jpg',NULL,NULL,NULL,NULL,NULL,NULL,720.00,890.00,1450.00),(388,'AD-62','mosaicdesigns_mosaicdesigns','/img/catalogue/mosaicdesigns/mosaicdesigns/d_59.jpg',NULL,NULL,NULL,NULL,NULL,NULL,NULL,NULL,NULL),(389,'AD-63','mosaicdesigns_mosaicdesigns','/img/catalogue/mosaicdesigns/mosaicdesigns/d_60.jpg',NULL,NULL,NULL,NULL,NULL,NULL,270.00,340.00,460.00),(390,'AD-64','mosaicdesigns_mosaicdesigns','/img/catalogue/mosaicdesigns/mosaicdesigns/d_61.jpg',NULL,NULL,NULL,NULL,NULL,NULL,440.00,620.00,1240.00),(391,'AD-65','mosaicdesigns_mosaicdesigns','/img/catalogue/mosaicdesigns/mosaicdesigns/d_62.jpg',NULL,NULL,NULL,NULL,NULL,NULL,730.00,1150.00,1650.00),(392,'AD-66','mosaicdesigns_mosaicdesigns','/img/catalogue/mosaicdesigns/mosaicdesigns/d_63.jpg',NULL,NULL,NULL,NULL,NULL,NULL,1025.00,1350.00,1845.00),(393,'AD-67','mosaicdesigns_mosaicdesigns','/img/catalogue/mosaicdesigns/mosaicdesigns/d_64.jpg',NULL,NULL,NULL,NULL,NULL,NULL,710.00,1145.00,1625.00),(394,'AD-68','mosaicdesigns_mosaicdesigns','/img/catalogue/mosaicdesigns/mosaicdesigns/d_65.jpg',NULL,NULL,NULL,NULL,NULL,NULL,3450.00,4625.00,7800.00),(395,'AD-69','mosaicdesigns_mosaicdesigns','/img/catalogue/mosaicdesigns/mosaicdesigns/d_66.jpg',NULL,NULL,NULL,NULL,NULL,NULL,980.00,1300.00,1995.00),(396,'AD-70','mosaicdesigns_mosaicdesigns','/img/catalogue/mosaicdesigns/mosaicdesigns/d_67.jpg',NULL,NULL,NULL,NULL,NULL,NULL,145.00,224.00,410.00),(397,'AD-71','mosaicdesigns_mosaicdesigns','/img/catalogue/mosaicdesigns/mosaicdesigns/d_68.jpg',NULL,NULL,NULL,NULL,NULL,NULL,380.00,470.00,750.00),(398,'AD-72','mosaicdesigns_mosaicdesigns','/img/catalogue/mosaicdesigns/mosaicdesigns/d_69.jpg',NULL,NULL,NULL,NULL,NULL,NULL,290.00,380.00,540.00),(399,'AD-73','mosaicdesigns_mosaicdesigns','/img/catalogue/mosaicdesigns/mosaicdesigns/d_70.jpg',NULL,NULL,NULL,NULL,NULL,NULL,2950.00,3755.00,6945.00),(400,'AD-74','mosaicdesigns_mosaicdesigns','/img/catalogue/mosaicdesigns/mosaicdesigns/d_71.jpg',NULL,NULL,NULL,NULL,NULL,NULL,145.00,210.00,480.00),(401,'AD-75','mosaicdesigns_mosaicdesigns','/img/catalogue/mosaicdesigns/mosaicdesigns/d_72.jpg',NULL,NULL,NULL,NULL,NULL,NULL,350.00,470.00,650.00),(402,'AD-76','mosaicdesigns_mosaicdesigns','/img/catalogue/mosaicdesigns/mosaicdesigns/d_73.jpg',NULL,NULL,NULL,NULL,NULL,NULL,180.00,206.00,352.00),(403,'AD-77','mosaicdesigns_mosaicdesigns','/img/catalogue/mosaicdesigns/mosaicdesigns/d_74.jpg',NULL,NULL,NULL,NULL,NULL,NULL,380.00,490.00,610.00),(404,'AD-78','mosaicdesigns_mosaicdesigns','/img/catalogue/mosaicdesigns/mosaicdesigns/d_75.jpg',NULL,NULL,NULL,NULL,NULL,NULL,620.00,940.00,1450.00),(405,'AD-79','mosaicdesigns_mosaicdesigns','/img/catalogue/mosaicdesigns/mosaicdesigns/d_76.jpg',NULL,NULL,NULL,NULL,NULL,NULL,160.00,210.00,290.00),(406,'AD-80','mosaicdesigns_mosaicdesigns','/img/catalogue/mosaicdesigns/mosaicdesigns/d_77.jpg',NULL,NULL,NULL,NULL,NULL,NULL,610.00,820.00,1140.00),(407,'AD-81','mosaicdesigns_mosaicdesigns','/img/catalogue/mosaicdesigns/mosaicdesigns/d_78.jpg',NULL,NULL,NULL,NULL,NULL,NULL,2100.00,2745.00,4150.00),(408,'AD-82','mosaicdesigns_mosaicdesigns','/img/catalogue/mosaicdesigns/mosaicdesigns/d_79.jpg',NULL,NULL,NULL,NULL,NULL,NULL,1625.00,1945.00,2325.00),(409,'AD-83','mosaicdesigns_mosaicdesigns','/img/catalogue/mosaicdesigns/mosaicdesigns/d_80.jpg',NULL,NULL,NULL,NULL,NULL,NULL,270.00,380.00,545.00),(410,'AD-84','mosaicdesigns_mosaicdesigns','/img/catalogue/mosaicdesigns/mosaicdesigns/d_81.jpg',NULL,NULL,NULL,NULL,NULL,NULL,2425.00,2865.00,4150.00),(411,'AD-85','mosaicdesigns_mosaicdesigns','/img/catalogue/mosaicdesigns/mosaicdesigns/d_82.jpg',NULL,NULL,NULL,NULL,NULL,NULL,600.00,940.00,1250.00),(779,'AD-87','mosaicdesigns_mosaicdesigns','/img/catalogue/mosaicdesigns/mosaicdesigns/B 10.120.bmp',NULL,NULL,NULL,NULL,NULL,NULL,NULL,NULL,NULL),(780,'AD-88','mosaicdesigns_mosaicdesigns','/img/catalogue/mosaicdesigns/mosaicdesigns/B 10.161 projekt mozaiki.jpg',NULL,NULL,NULL,NULL,NULL,NULL,NULL,NULL,NULL),(781,'AD-89','mosaicdesigns_mosaicdesigns','/img/catalogue/mosaicdesigns/mosaicdesigns/B 10.40 projekt mozaiki.jpg',NULL,NULL,NULL,NULL,NULL,NULL,NULL,NULL,NULL),(782,'AD-90','mosaicdesigns_mosaicdesigns','/img/catalogue/mosaicdesigns/mosaicdesigns/B 10.43 projekt mozaiki.jpg',NULL,NULL,NULL,NULL,NULL,NULL,NULL,NULL,NULL),(783,'AD-91','mosaicdesigns_mosaicdesigns','/img/catalogue/mosaicdesigns/mosaicdesigns/B 10.48 projekt mozaiki.jpg',NULL,NULL,NULL,NULL,NULL,NULL,NULL,NULL,NULL),(784,'AD-92','mosaicdesigns_mosaicdesigns','/img/catalogue/mosaicdesigns/mosaicdesigns/B 10.50 projekt mozaiki.jpg',NULL,NULL,NULL,NULL,NULL,NULL,NULL,NULL,NULL),(86,'Aggy Design','unglazed_victorian-9mm','/img/catalogue/unglazed/victorian-9mm/pl-x8.jpg',NULL,NULL,145.25,193.25,63.25,73.25,NULL,NULL,NULL),(103,'Albatre 348x348','satin&matt_tiles2.5x2.5-cmm','/img/catalogue/satin&matt/tiles2.5x2.5-cmm/Albatre 348x348.jpg',NULL,84.45,NULL,NULL,NULL,NULL,NULL,NULL,NULL),(104,'Amethyste 348x348','satin&matt_tiles2.5x2.5-cmm','/img/catalogue/satin&matt/tiles2.5x2.5-cmm/Amethyste 348x348.jpg',NULL,119.45,NULL,NULL,NULL,NULL,NULL,NULL,NULL),(11,'Anthracite','unglazed_tiles2x2-3.8mm','/img/catalogue/unglazed/tiles2x2-3.8mm/Anthracite.jpg',NULL,41.00,NULL,NULL,NULL,NULL,NULL,NULL,NULL),(133,'Aster 348x348','glazed_tiles2.5x2.5-cmm','/img/catalogue/glazed/tiles2.5x2.5-cmm/Aster 348x348.jpg',NULL,79.40,NULL,NULL,NULL,NULL,NULL,NULL,NULL),(105,'Azurite 348x348','satin&matt_tiles2.5x2.5-cmm','/img/catalogue/satin&matt/tiles2.5x2.5-cmm/Azurite 348x348.jpg',NULL,148.24,NULL,NULL,NULL,NULL,NULL,NULL,NULL),(134,'Bahamas 348x348','glazed_tiles2.5x2.5-cmm','/img/catalogue/glazed/tiles2.5x2.5-cmm/Bahamas 348x348.jpg',NULL,79.40,NULL,NULL,NULL,NULL,NULL,NULL,NULL),(135,'Bahia 348x348','glazed_tiles2.5x2.5-cmm','/img/catalogue/glazed/tiles2.5x2.5-cmm/Bahia 348x348.jpg',NULL,89.40,NULL,NULL,NULL,NULL,NULL,NULL,NULL),(90,'Basket Weave 1','unglazed_basket','/img/catalogue/unglazed/basket/basket1.jpg','White with black dots',79.00,NULL,NULL,NULL,NULL,NULL,NULL,NULL),(91,'Basket Weave 2','unglazed_basket','/img/catalogue/unglazed/basket/basket2.jpg','Anthracite with ontario dots',116.00,NULL,NULL,NULL,NULL,NULL,NULL,NULL),(92,'Basket Weave 3','unglazed_basket','/img/catalogue/unglazed/basket/basket3.jpg',' Pistachio with super white dots',117.00,NULL,NULL,NULL,NULL,NULL,NULL,NULL),(93,'Basket Weave 4','unglazed_basket','/img/catalogue/unglazed/basket/basket4.jpg','Gris with black dots',117.00,NULL,NULL,NULL,NULL,NULL,NULL,NULL),(94,'Basket Weave 5','unglazed_basket','/img/catalogue/unglazed/basket/basket5.jpg','Blue nuit with ontario dots',163.25,NULL,NULL,NULL,NULL,NULL,NULL,NULL),(95,'Basket Weave 6','unglazed_basket','/img/catalogue/unglazed/basket/basket6.jpg','Black with white dots',79.00,NULL,NULL,NULL,NULL,NULL,NULL,NULL),(106,'Bentonite 348x348','satin&matt_tiles2.5x2.5-cmm','/img/catalogue/satin&matt/tiles2.5x2.5-cmm/Bentonite 348x348.jpg',NULL,84.45,NULL,NULL,NULL,NULL,NULL,NULL,NULL),(12,'Blanc','unglazed_tiles2x2-3.8mm','/img/catalogue/unglazed/tiles2x2-3.8mm/Blanc.jpg',NULL,32.00,NULL,NULL,NULL,NULL,NULL,NULL,NULL),(16,'Bleu','unglazed_tiles2x2-3.8mm','/img/catalogue/unglazed/tiles2x2-3.8mm/Bleu.jpg',NULL,43.00,NULL,NULL,NULL,NULL,NULL,NULL,NULL),(13,'Bleu Fonce','unglazed_tiles2x2-3.8mm','/img/catalogue/unglazed/tiles2x2-3.8mm/Bleu Fonce.jpg',NULL,46.00,NULL,NULL,NULL,NULL,NULL,NULL,NULL),(14,'Bleu Nuit','unglazed_tiles2x2-3.8mm','/img/catalogue/unglazed/tiles2x2-3.8mm/Bleu Nuit.jpg',NULL,53.00,NULL,NULL,NULL,NULL,NULL,NULL,NULL),(15,'Bleu Pale','unglazed_tiles2x2-3.8mm','/img/catalogue/unglazed/tiles2x2-3.8mm/Bleu Pale.jpg',NULL,41.00,NULL,NULL,NULL,NULL,NULL,NULL,NULL),(17,'Brun','unglazed_tiles2x2-3.8mm','/img/catalogue/unglazed/tiles2x2-3.8mm/Brun.jpg',NULL,37.00,NULL,NULL,NULL,NULL,NULL,NULL,NULL),(136,'Buis 348x348','glazed_tiles2.5x2.5-cmm','/img/catalogue/glazed/tiles2.5x2.5-cmm/Buis 348x348.jpg',NULL,89.40,NULL,NULL,NULL,NULL,NULL,NULL,NULL),(18,'Café','unglazed_tiles2x2-3.8mm','/img/catalogue/unglazed/tiles2x2-3.8mm/Café.jpg',NULL,41.00,NULL,NULL,NULL,NULL,NULL,NULL,NULL),(107,'Calcedoine 348x348','satin&matt_tiles2.5x2.5-cmm','/img/catalogue/satin&matt/tiles2.5x2.5-cmm/Calcedoine 348x348.jpg',NULL,84.45,NULL,NULL,NULL,NULL,NULL,NULL,NULL),(137,'Californie 348x348','glazed_tiles2.5x2.5-cmm','/img/catalogue/glazed/tiles2.5x2.5-cmm/Californie 348x348.jpg',NULL,79.40,NULL,NULL,NULL,NULL,NULL,NULL,NULL),(138,'Camel 348x348','glazed_tiles2.5x2.5-cmm','/img/catalogue/glazed/tiles2.5x2.5-cmm/Camel 348x348.jpg',NULL,NULL,NULL,NULL,NULL,NULL,NULL,NULL,NULL),(139,'Camelia 348x348','glazed_tiles2.5x2.5-cmm','/img/catalogue/glazed/tiles2.5x2.5-cmm/Camelia 348x348.jpg',NULL,79.40,NULL,NULL,NULL,NULL,NULL,NULL,NULL),(140,'Caraibes 348x348','glazed_tiles2.5x2.5-cmm','/img/catalogue/glazed/tiles2.5x2.5-cmm/Caraibes 348x348.jpg',NULL,79.40,NULL,NULL,NULL,NULL,NULL,NULL,NULL),(19,'Caramel','unglazed_tiles2x2-3.8mm','/img/catalogue/unglazed/tiles2x2-3.8mm/Caramel.jpg',NULL,41.00,NULL,NULL,NULL,NULL,NULL,NULL,NULL),(108,'Chaux 348x348','satin&matt_tiles2.5x2.5-cmm','/img/catalogue/satin&matt/tiles2.5x2.5-cmm/Chaux 348x348.jpg',NULL,84.45,NULL,NULL,NULL,NULL,NULL,NULL,NULL),(141,'Clairiere 348x348','glazed_tiles2.5x2.5-cmm','/img/catalogue/glazed/tiles2.5x2.5-cmm/Clairiere 348x348.jpg',NULL,79.40,NULL,NULL,NULL,NULL,NULL,NULL,NULL),(109,'Cobalt 348x348','satin&matt_tiles2.5x2.5-cmm','/img/catalogue/satin&matt/tiles2.5x2.5-cmm/Cobalt 348x348.jpg',NULL,148.24,NULL,NULL,NULL,NULL,NULL,NULL,NULL),(20,'Cognac','unglazed_tiles2x2-3.8mm','/img/catalogue/unglazed/tiles2x2-3.8mm/Cognac.jpg',NULL,41.00,NULL,NULL,NULL,NULL,NULL,NULL,NULL),(84,'Coral Design','unglazed_victorian-9mm','/img/catalogue/unglazed/victorian-9mm/pl-x15.jpg',NULL,NULL,293.25,343.25,39.25,48.25,NULL,NULL,NULL),(110,'Corali 348x348','satin&matt_tiles2.5x2.5-cmm','/img/catalogue/satin&matt/tiles2.5x2.5-cmm/Corali 348x348.jpg',NULL,148.24,NULL,NULL,NULL,NULL,NULL,NULL,NULL),(142,'Coriandre 348x348','glazed_tiles2.5x2.5-cmm','/img/catalogue/glazed/tiles2.5x2.5-cmm/Coriandre 348x348.jpg',NULL,79.40,NULL,NULL,NULL,NULL,NULL,NULL,NULL),(111,'Craie 348x348','satin&matt_tiles2.5x2.5-cmm','/img/catalogue/satin&matt/tiles2.5x2.5-cmm/Craie 348x348.jpg',NULL,84.45,NULL,NULL,NULL,NULL,NULL,NULL,NULL),(143,'Danube 348x348','glazed_tiles2.5x2.5-cmm','/img/catalogue/glazed/tiles2.5x2.5-cmm/Danube 348x348.jpg',NULL,89.40,NULL,NULL,NULL,NULL,NULL,NULL,NULL),(144,'Egee 348x348','glazed_tiles2.5x2.5-cmm','/img/catalogue/glazed/tiles2.5x2.5-cmm/Egee 348x348.jpg',NULL,79.40,NULL,NULL,NULL,NULL,NULL,NULL,NULL),(112,'Emeraude 348x348','satin&matt_tiles2.5x2.5-cmm','/img/catalogue/satin&matt/tiles2.5x2.5-cmm/Emeraude 348x348.jpg',NULL,119.45,NULL,NULL,NULL,NULL,NULL,NULL,NULL),(113,'Fabulite 348x348','satin&matt_tiles2.5x2.5-cmm','/img/catalogue/satin&matt/tiles2.5x2.5-cmm/Fabulite 348x348.jpg',NULL,119.45,NULL,NULL,NULL,NULL,NULL,NULL,NULL),(145,'Fidij 348x348','glazed_tiles2.5x2.5-cmm','/img/catalogue/glazed/tiles2.5x2.5-cmm/Fidij 348x348.jpg',NULL,79.40,NULL,NULL,NULL,NULL,NULL,NULL,NULL),(146,'Flores 348x348','glazed_tiles2.5x2.5-cmm','/img/catalogue/glazed/tiles2.5x2.5-cmm/Flores 348x348.jpg',NULL,NULL,NULL,NULL,NULL,NULL,NULL,NULL,NULL),(147,'Galapagos 348x348','glazed_tiles2.5x2.5-cmm','/img/catalogue/glazed/tiles2.5x2.5-cmm/Galapagos 348x348.jpg',NULL,89.40,NULL,NULL,NULL,NULL,NULL,NULL,NULL),(114,'Gelene 348x348','satin&matt_tiles2.5x2.5-cmm','/img/catalogue/satin&matt/tiles2.5x2.5-cmm/Gelene 348x348.jpg',NULL,NULL,NULL,NULL,NULL,NULL,NULL,NULL,NULL),(148,'Genet 348x348','glazed_tiles2.5x2.5-cmm','/img/catalogue/glazed/tiles2.5x2.5-cmm/Genet 348x348.jpg',NULL,89.40,NULL,NULL,NULL,NULL,NULL,NULL,NULL),(149,'Gravier 348x348','glazed_tiles2.5x2.5-cmm','/img/catalogue/glazed/tiles2.5x2.5-cmm/Gravier 348x348.jpg',NULL,79.40,NULL,NULL,NULL,NULL,NULL,NULL,NULL),(22,'Gris','unglazed_tiles2x2-3.8mm','/img/catalogue/unglazed/tiles2x2-3.8mm/Gris.jpg',NULL,41.00,NULL,NULL,NULL,NULL,NULL,NULL,NULL),(21,'Gris Pale','unglazed_tiles2x2-3.8mm','/img/catalogue/unglazed/tiles2x2-3.8mm/Gris Pale.jpg',NULL,41.00,NULL,NULL,NULL,NULL,NULL,NULL,NULL),(23,'Havane','unglazed_tiles2x2-3.8mm','/img/catalogue/unglazed/tiles2x2-3.8mm/Havane.jpg',NULL,41.00,NULL,NULL,NULL,NULL,NULL,NULL,NULL),(115,'Holite 348x348','satin&matt_tiles2.5x2.5-cmm','/img/catalogue/satin&matt/tiles2.5x2.5-cmm/Holite 348x348.jpg',NULL,119.45,NULL,NULL,NULL,NULL,NULL,NULL,NULL),(24,'Ivoire','unglazed_tiles2x2-3.8mm','/img/catalogue/unglazed/tiles2x2-3.8mm/Ivoire.jpg',NULL,41.00,NULL,NULL,NULL,NULL,NULL,NULL,NULL),(150,'Ivraie 348x348','glazed_tiles2.5x2.5-cmm','/img/catalogue/glazed/tiles2.5x2.5-cmm/Ivraie 348x348.jpg',NULL,79.40,NULL,NULL,NULL,NULL,NULL,NULL,NULL),(116,'Jaspe 348x348','satin&matt_tiles2.5x2.5-cmm','/img/catalogue/satin&matt/tiles2.5x2.5-cmm/Jaspe 348x348.jpg',NULL,119.45,NULL,NULL,NULL,NULL,NULL,NULL,NULL),(25,'Jaune','unglazed_tiles2x2-3.8mm','/img/catalogue/unglazed/tiles2x2-3.8mm/Jaune.jpg',NULL,41.00,NULL,NULL,NULL,NULL,NULL,NULL,NULL),(151,'Lavande 348x348','glazed_tiles2.5x2.5-cmm','/img/catalogue/glazed/tiles2.5x2.5-cmm/Lavande 348x348.jpg',NULL,79.40,NULL,NULL,NULL,NULL,NULL,NULL,NULL),(117,'Lave 348x348','satin&matt_tiles2.5x2.5-cmm','/img/catalogue/satin&matt/tiles2.5x2.5-cmm/Lave 348x348.jpg',NULL,119.45,NULL,NULL,NULL,NULL,NULL,NULL,NULL),(118,'Lazuli 348x348','satin&matt_tiles2.5x2.5-cmm','/img/catalogue/satin&matt/tiles2.5x2.5-cmm/Lazuli 348x348.jpg',NULL,148.24,NULL,NULL,NULL,NULL,NULL,NULL,NULL),(26,'Linen','unglazed_tiles2x2-3.8mm','/img/catalogue/unglazed/tiles2x2-3.8mm/Linen.jpg',NULL,41.00,NULL,NULL,NULL,NULL,NULL,NULL,NULL),(152,'Lotus 348x348','glazed_tiles2.5x2.5-cmm','/img/catalogue/glazed/tiles2.5x2.5-cmm/Lotus 348x348.jpg',NULL,79.40,NULL,NULL,NULL,NULL,NULL,NULL,NULL),(119,'Malachite 348x348','satin&matt_tiles2.5x2.5-cmm','/img/catalogue/satin&matt/tiles2.5x2.5-cmm/Malachite 348x348.jpg',NULL,119.45,NULL,NULL,NULL,NULL,NULL,NULL,NULL),(120,'Mastic 348x348','satin&matt_tiles2.5x2.5-cmm','/img/catalogue/satin&matt/tiles2.5x2.5-cmm/Mastic 348x348.jpg',NULL,84.45,NULL,NULL,NULL,NULL,NULL,NULL,NULL),(121,'Minium 348x348','satin&matt_tiles2.5x2.5-cmm','/img/catalogue/satin&matt/tiles2.5x2.5-cmm/Minium 348x348.jpg',NULL,148.24,NULL,NULL,NULL,NULL,NULL,NULL,NULL),(99,'MN-01','unglazed_tiles3.5x3.5-9mm','/img/catalogue/unglazed/tiles3.5x3.5-9mm/pl-x12.jpg','Checkerboard red with grey with diamond border',NULL,311.25,358.25,63.25,76.25,NULL,NULL,NULL),(100,'MN-02','unglazed_tiles3.5x3.5-9mm','/img/catalogue/unglazed/tiles3.5x3.5-9mm/pl-x13.jpg','Checkerboard black and white with border',NULL,265.25,318.25,43.25,59.25,NULL,NULL,NULL),(101,'MN-03','unglazed_tiles3.5x3.5-9mm','/img/catalogue/unglazed/tiles3.5x3.5-9mm/pl-x16.jpg','Checkerboard black and white with border',NULL,262.25,318.25,26.25,NULL,NULL,NULL,NULL),(5,'MN-04','unglazed_tiles5x5-9mm','/img/catalogue/unglazed/tiles5x5-9mm/pl-5x5-1.jpg','White and black checkerboard with diamond border',NULL,140.00,180.00,29.00,43.00,NULL,NULL,NULL),(6,'MN-05','unglazed_tiles5x5-9mm','/img/catalogue/unglazed/tiles5x5-9mm/pl-5x5-2.jpg','White and black checkerboard with border',NULL,140.00,180.00,24.25,NULL,NULL,NULL,NULL),(7,'MN-06','unglazed_tiles5x5-9mm','/img/catalogue/unglazed/tiles5x5-9mm/pl-5x5-3.jpg','Red and grey checkerboard with diamond border',NULL,165.00,195.00,53.25,63.25,NULL,NULL,NULL),(8,'MN-07','unglazed_tiles5x5-9mm','/img/catalogue/unglazed/tiles5x5-9mm/pl-5x5-4.jpg','White and black checkerboard with border',NULL,140.00,180.00,46.25,NULL,NULL,NULL,NULL),(9,'MN-08','unglazed_tiles5x5-9mm','/img/catalogue/unglazed/tiles5x5-9mm/pl-5x5-5.jpg',NULL,NULL,140.00,180.00,29.25,43.25,NULL,NULL,NULL),(10,'MN-09','unglazed_tiles5x5-9mm','/img/catalogue/unglazed/tiles5x5-9mm/pl-x14.jpg','White and black checkerboard with border',NULL,140.00,180.00,23.25,31.25,NULL,NULL,NULL),(96,'MN-10','unglazed_tiles7x7-9mm','/img/catalogue/unglazed/tiles7x7-9mm/pl-7x7-1.jpg','White and black checkerboard with diamond border',NULL,113.25,181.25,61.25,74.25,NULL,NULL,NULL),(97,'MN-11','unglazed_tiles7x7-9mm','/img/catalogue/unglazed/tiles7x7-9mm/pl-7x7-2.jpg','White and black checkerboard with diamond border',NULL,113.25,181.25,29.25,41.25,NULL,NULL,NULL),(98,'MN-12','unglazed_tiles7x7-9mm','/img/catalogue/unglazed/tiles7x7-9mm/pl-7x7-3.jpg',NULL,NULL,113.25,181.25,49.25,61.25,NULL,NULL,NULL),(75,'MN-13','unglazed_tiles10x10-9mm','/img/catalogue/unglazed/tiles10x10-9mm/pl-x1.jpg','Red and white checkerboard with diamond border',NULL,75.25,109.25,49.25,58.50,NULL,NULL,NULL),(76,'MN-14','unglazed_tiles10x10-9mm','/img/catalogue/unglazed/tiles10x10-9mm/pl-x11.jpg','White and black checkerboard with diamond border',NULL,67.25,99.25,65.25,83.25,NULL,NULL,NULL),(77,'MN-15','unglazed_tiles10x10-9mm','/img/catalogue/unglazed/tiles10x10-9mm/pl-x2.jpg','White and black checkerboard with diamond border',NULL,67.25,99.25,35.25,46.25,NULL,NULL,NULL),(78,'MN-16','unglazed_tiles10x10-9mm','/img/catalogue/unglazed/tiles10x10-9mm/pl-x3.jpg','White and black checkerboard with border',NULL,67.25,99.25,25.25,35.25,NULL,NULL,NULL),(79,'MN-17','unglazed_tiles10x10-9mm','/img/catalogue/unglazed/tiles10x10-9mm/pl-x4.jpg','Black and coffe checkerboard with diamond border',NULL,67.25,99.25,35.25,46.25,NULL,NULL,NULL),(80,'MN-18','unglazed_tiles10x10-9mm','/img/catalogue/unglazed/tiles10x10-9mm/pl-x5.jpg','White and black checkerboard with diamond border',NULL,67.25,99.25,36.25,46.25,NULL,NULL,NULL),(81,'MN-19','unglazed_tiles10x10-9mm','/img/catalogue/unglazed/tiles10x10-9mm/pl-x6.jpg','Black and white checkerboard',NULL,67.25,99.25,69.00,81.25,NULL,NULL,NULL),(82,'MN-20','unglazed_tiles10x10-9mm','/img/catalogue/unglazed/tiles10x10-9mm/pl-x9.jpg','White and black checkerboard with border',NULL,67.25,99.25,15.25,NULL,NULL,NULL,NULL),(1,'MN-21','unglazed_tiles15x15-9mm','/img/catalogue/unglazed/tiles15x15-9mm/pl-x7.jpg','Black and white checkerboard with diamond',NULL,79.25,85.25,81.25,NULL,NULL,NULL,NULL),(2,'MN-22','unglazed_octagon10x10-9mm','/img/catalogue/unglazed/octagon10x10-9mm/pl-x17.jpg',NULL,NULL,NULL,NULL,NULL,NULL,NULL,NULL,NULL),(3,'MN-23','unglazed_octagon10x10-9mm','/img/catalogue/unglazed/octagon10x10-9mm/pl-x18.jpg',NULL,NULL,NULL,NULL,NULL,NULL,NULL,NULL,NULL),(4,'MN-24','unglazed_octagon10x10-9mm','/img/catalogue/unglazed/octagon10x10-9mm/pl-x19.jpg',NULL,NULL,NULL,NULL,NULL,NULL,NULL,NULL,NULL),(102,'MN-25','unglazed_octagon15x15-9mm','/img/catalogue/unglazed/octagon15x15-9mm/pl-x20.jpg',NULL,NULL,NULL,NULL,NULL,NULL,NULL,NULL,NULL),(422,'MN-26','unglazed_tiles5x5-5mm','/img/catalogue/unglazed/tiles5x5-5mm/pl-5X5-1.jpg',NULL,NULL,NULL,69.00,NULL,9.00,NULL,NULL,NULL),(423,'MN-27','unglazed_tiles5x5-5mm','/img/catalogue/unglazed/tiles5x5-5mm/pl-5X5-10.jpg',NULL,NULL,NULL,69.00,NULL,12.00,NULL,NULL,NULL),(424,'MN-28','unglazed_tiles5x5-5mm','/img/catalogue/unglazed/tiles5x5-5mm/pl-5X5-2.jpg',NULL,NULL,NULL,69.00,NULL,12.00,NULL,NULL,NULL),(425,'MN-29','unglazed_tiles5x5-5mm','/img/catalogue/unglazed/tiles5x5-5mm/pl-5X5-3.jpg',NULL,NULL,NULL,69.00,NULL,12.00,NULL,NULL,NULL),(426,'MN-30','unglazed_tiles5x5-5mm','/img/catalogue/unglazed/tiles5x5-5mm/pl-5X5-4.jpg',NULL,NULL,NULL,65.00,NULL,12.00,NULL,NULL,NULL),(427,'MN-31','unglazed_tiles5x5-5mm','/img/catalogue/unglazed/tiles5x5-5mm/pl-5X5-5.jpg',NULL,NULL,NULL,65.00,NULL,9.00,NULL,NULL,NULL),(428,'MN-32','unglazed_tiles5x5-5mm','/img/catalogue/unglazed/tiles5x5-5mm/pl-5X5-6.jpg',NULL,NULL,NULL,69.00,NULL,12.00,NULL,NULL,NULL),(429,'MN-33','unglazed_tiles5x5-5mm','/img/catalogue/unglazed/tiles5x5-5mm/pl-5X5-7.jpg',NULL,NULL,NULL,60.00,NULL,9.00,NULL,NULL,NULL),(430,'MN-34','unglazed_tiles5x5-5mm','/img/catalogue/unglazed/tiles5x5-5mm/pl-5X5-8.jpg',NULL,NULL,NULL,60.00,NULL,9.00,NULL,NULL,NULL),(431,'MN-35','unglazed_tiles5x5-5mm','/img/catalogue/unglazed/tiles5x5-5mm/pl-5X5-9.jpg',NULL,NULL,NULL,69.00,NULL,12.00,NULL,NULL,NULL),(153,'Mouette 348x348','glazed_tiles2.5x2.5-cmm','/img/catalogue/glazed/tiles2.5x2.5-cmm/Mouette 348x348.jpg',NULL,79.40,NULL,NULL,NULL,NULL,NULL,NULL,NULL),(27,'Noir','unglazed_tiles2x2-3.8mm','/img/catalogue/unglazed/tiles2x2-3.8mm/Noir.jpg',NULL,32.00,NULL,NULL,NULL,NULL,NULL,NULL,NULL),(154,'Noisetier 348x348','glazed_tiles2.5x2.5-cmm','/img/catalogue/glazed/tiles2.5x2.5-cmm/Noisetier 348x348.jpg',NULL,89.40,NULL,NULL,NULL,NULL,NULL,NULL,NULL),(28,'Ontario','unglazed_tiles2x2-3.8mm','/img/catalogue/unglazed/tiles2x2-3.8mm/Ontario.jpg',NULL,41.00,NULL,NULL,NULL,NULL,NULL,NULL,NULL),(122,'Onyx 348x348','satin&matt_tiles2.5x2.5-cmm','/img/catalogue/satin&matt/tiles2.5x2.5-cmm/Onyx 348x348.jpg',NULL,148.24,NULL,NULL,NULL,NULL,NULL,NULL,NULL),(83,'Panda Design','unglazed_victorian-9mm','/img/catalogue/unglazed/victorian-9mm/Panda Design.jpg','Black and white design with diamond border',NULL,299.25,345.25,33.25,39.25,NULL,NULL,NULL),(29,'Parme','unglazed_tiles2x2-3.8mm','/img/catalogue/unglazed/tiles2x2-3.8mm/Parme.jpg',NULL,41.00,NULL,NULL,NULL,NULL,NULL,NULL,NULL),(123,'Pepite 348x348','satin&matt_tiles2.5x2.5-cmm','/img/catalogue/satin&matt/tiles2.5x2.5-cmm/Pepite 348x348.jpg',NULL,148.24,NULL,NULL,NULL,NULL,NULL,NULL,NULL),(30,'Perle','unglazed_tiles2x2-3.8mm','/img/catalogue/unglazed/tiles2x2-3.8mm/Perle.jpg',NULL,41.00,NULL,NULL,NULL,NULL,NULL,NULL,NULL),(155,'Petale 348x348','glazed_tiles2.5x2.5-cmm','/img/catalogue/glazed/tiles2.5x2.5-cmm/Petale 348x348.jpg',NULL,79.40,NULL,NULL,NULL,NULL,NULL,NULL,NULL),(156,'Pierre 348x348','glazed_tiles2.5x2.5-cmm','/img/catalogue/glazed/tiles2.5x2.5-cmm/Pierre 348x348.jpg',NULL,79.40,NULL,NULL,NULL,NULL,NULL,NULL,NULL),(41,'pion_1','unglazed_tiles2x2-3.8mm','/img/catalogue/unglazed/tiles2x2-3.8mm/pion_1.jpg',NULL,NULL,NULL,NULL,NULL,NULL,NULL,NULL,NULL),(42,'pion_2','unglazed_tiles2x2-3.8mm','/img/catalogue/unglazed/tiles2x2-3.8mm/pion_2.jpg',NULL,NULL,NULL,NULL,NULL,NULL,NULL,NULL,NULL),(43,'pion_3','unglazed_tiles2x2-3.8mm','/img/catalogue/unglazed/tiles2x2-3.8mm/pion_3.jpg',NULL,NULL,NULL,NULL,NULL,NULL,NULL,NULL,NULL),(44,'pion_4','unglazed_tiles2x2-3.8mm','/img/catalogue/unglazed/tiles2x2-3.8mm/pion_4.jpg',NULL,NULL,NULL,NULL,NULL,NULL,NULL,NULL,NULL),(45,'pion_5','unglazed_tiles2x2-3.8mm','/img/catalogue/unglazed/tiles2x2-3.8mm/pion_5.jpg',NULL,NULL,NULL,NULL,NULL,NULL,NULL,NULL,NULL),(46,'pion_6','unglazed_tiles2x2-3.8mm','/img/catalogue/unglazed/tiles2x2-3.8mm/pion_6.jpg',NULL,NULL,NULL,NULL,NULL,NULL,NULL,NULL,NULL),(31,'Pistache','unglazed_tiles2x2-3.8mm','/img/catalogue/unglazed/tiles2x2-3.8mm/Pistache.jpg',NULL,43.00,NULL,NULL,NULL,NULL,NULL,NULL,NULL),(157,'Pivoine 348x348','glazed_tiles2.5x2.5-cmm','/img/catalogue/glazed/tiles2.5x2.5-cmm/Pivoine 348x348.jpg',NULL,98.40,NULL,NULL,NULL,NULL,NULL,NULL,NULL),(47,'plytka102x2','unglazed_tiles2x2-3.8mm','/img/catalogue/unglazed/tiles2x2-3.8mm/plytka102x2.jpg',NULL,NULL,NULL,NULL,NULL,NULL,NULL,NULL,NULL),(48,'plytka112x2','unglazed_tiles2x2-3.8mm','/img/catalogue/unglazed/tiles2x2-3.8mm/plytka112x2.jpg',NULL,NULL,NULL,NULL,NULL,NULL,NULL,NULL,NULL),(49,'plytka122x2','unglazed_tiles2x2-3.8mm','/img/catalogue/unglazed/tiles2x2-3.8mm/plytka122x2.jpg',NULL,NULL,NULL,NULL,NULL,NULL,NULL,NULL,NULL),(50,'plytka132x2','unglazed_tiles2x2-3.8mm','/img/catalogue/unglazed/tiles2x2-3.8mm/plytka132x2.jpg',NULL,NULL,NULL,NULL,NULL,NULL,NULL,NULL,NULL),(51,'plytka142x2','unglazed_tiles2x2-3.8mm','/img/catalogue/unglazed/tiles2x2-3.8mm/plytka142x2.jpg',NULL,NULL,NULL,NULL,NULL,NULL,NULL,NULL,NULL),(52,'plytka152x2','unglazed_tiles2x2-3.8mm','/img/catalogue/unglazed/tiles2x2-3.8mm/plytka152x2.jpg',NULL,NULL,NULL,NULL,NULL,NULL,NULL,NULL,NULL),(53,'plytka162x2','unglazed_tiles2x2-3.8mm','/img/catalogue/unglazed/tiles2x2-3.8mm/plytka162x2.jpg',NULL,NULL,NULL,NULL,NULL,NULL,NULL,NULL,NULL),(54,'plytka172x2','unglazed_tiles2x2-3.8mm','/img/catalogue/unglazed/tiles2x2-3.8mm/plytka172x2.jpg',NULL,NULL,NULL,NULL,NULL,NULL,NULL,NULL,NULL),(55,'plytka182x2','unglazed_tiles2x2-3.8mm','/img/catalogue/unglazed/tiles2x2-3.8mm/plytka182x2.jpg',NULL,NULL,NULL,NULL,NULL,NULL,NULL,NULL,NULL),(56,'plytka192x2','unglazed_tiles2x2-3.8mm','/img/catalogue/unglazed/tiles2x2-3.8mm/plytka192x2.jpg',NULL,NULL,NULL,NULL,NULL,NULL,NULL,NULL,NULL),(57,'plytka202x2','unglazed_tiles2x2-3.8mm','/img/catalogue/unglazed/tiles2x2-3.8mm/plytka202x2.jpg',NULL,NULL,NULL,NULL,NULL,NULL,NULL,NULL,NULL),(58,'plytka212x2','unglazed_tiles2x2-3.8mm','/img/catalogue/unglazed/tiles2x2-3.8mm/plytka212x2.jpg',NULL,NULL,NULL,NULL,NULL,NULL,NULL,NULL,NULL),(59,'plytka222x2','unglazed_tiles2x2-3.8mm','/img/catalogue/unglazed/tiles2x2-3.8mm/plytka222x2.jpg',NULL,NULL,NULL,NULL,NULL,NULL,NULL,NULL,NULL),(60,'plytka232x2','unglazed_tiles2x2-3.8mm','/img/catalogue/unglazed/tiles2x2-3.8mm/plytka232x2.jpg',NULL,NULL,NULL,NULL,NULL,NULL,NULL,NULL,NULL),(61,'plytka242x2','unglazed_tiles2x2-3.8mm','/img/catalogue/unglazed/tiles2x2-3.8mm/plytka242x2.jpg',NULL,NULL,NULL,NULL,NULL,NULL,NULL,NULL,NULL),(62,'plytka252x2','unglazed_tiles2x2-3.8mm','/img/catalogue/unglazed/tiles2x2-3.8mm/plytka252x2.jpg',NULL,NULL,NULL,NULL,NULL,NULL,NULL,NULL,NULL),(63,'plytka262x2','unglazed_tiles2x2-3.8mm','/img/catalogue/unglazed/tiles2x2-3.8mm/plytka262x2.jpg',NULL,NULL,NULL,NULL,NULL,NULL,NULL,NULL,NULL),(64,'plytka272x2','unglazed_tiles2x2-3.8mm','/img/catalogue/unglazed/tiles2x2-3.8mm/plytka272x2.jpg',NULL,NULL,NULL,NULL,NULL,NULL,NULL,NULL,NULL),(65,'plytka282x2','unglazed_tiles2x2-3.8mm','/img/catalogue/unglazed/tiles2x2-3.8mm/plytka282x2.jpg',NULL,NULL,NULL,NULL,NULL,NULL,NULL,NULL,NULL),(66,'plytka292x2','unglazed_tiles2x2-3.8mm','/img/catalogue/unglazed/tiles2x2-3.8mm/plytka292x2.jpg',NULL,NULL,NULL,NULL,NULL,NULL,NULL,NULL,NULL),(67,'plytka302x2','unglazed_tiles2x2-3.8mm','/img/catalogue/unglazed/tiles2x2-3.8mm/plytka302x2.jpg',NULL,NULL,NULL,NULL,NULL,NULL,NULL,NULL,NULL),(68,'plytka72x2','unglazed_tiles2x2-3.8mm','/img/catalogue/unglazed/tiles2x2-3.8mm/plytka72x2.jpg',NULL,NULL,NULL,NULL,NULL,NULL,NULL,NULL,NULL),(69,'plytka82x2','unglazed_tiles2x2-3.8mm','/img/catalogue/unglazed/tiles2x2-3.8mm/plytka82x2.jpg',NULL,NULL,NULL,NULL,NULL,NULL,NULL,NULL,NULL),(70,'plytka92x2','unglazed_tiles2x2-3.8mm','/img/catalogue/unglazed/tiles2x2-3.8mm/plytka92x2.jpg',NULL,NULL,NULL,NULL,NULL,NULL,NULL,NULL,NULL),(158,'Pollen 348x348','glazed_tiles2.5x2.5-cmm','/img/catalogue/glazed/tiles2.5x2.5-cmm/Pollen 348x348.jpg',NULL,89.40,NULL,NULL,NULL,NULL,NULL,NULL,NULL),(124,'Porphyre 348x348','satin&matt_tiles2.5x2.5-cmm','/img/catalogue/satin&matt/tiles2.5x2.5-cmm/Porphyre 348x348.jpg',NULL,119.45,NULL,NULL,NULL,NULL,NULL,NULL,NULL),(71,'poziom_322x2','unglazed_tiles2x2-3.8mm','/img/catalogue/unglazed/tiles2x2-3.8mm/poziom_322x2.jpg',NULL,NULL,NULL,NULL,NULL,NULL,NULL,NULL,NULL),(72,'poziom_332x2','unglazed_tiles2x2-3.8mm','/img/catalogue/unglazed/tiles2x2-3.8mm/poziom_332x2.jpg',NULL,NULL,NULL,NULL,NULL,NULL,NULL,NULL,NULL),(73,'poziom_342x2','unglazed_tiles2x2-3.8mm','/img/catalogue/unglazed/tiles2x2-3.8mm/poziom_342x2.jpg',NULL,NULL,NULL,NULL,NULL,NULL,NULL,NULL,NULL),(74,'poziom_352x2','unglazed_tiles2x2-3.8mm','/img/catalogue/unglazed/tiles2x2-3.8mm/poziom_352x2.jpg',NULL,NULL,NULL,NULL,NULL,NULL,NULL,NULL,NULL),(159,'Prunelle 348x348','glazed_tiles2.5x2.5-cmm','/img/catalogue/glazed/tiles2.5x2.5-cmm/Prunelle 348x348.jpg',NULL,98.40,NULL,NULL,NULL,NULL,NULL,NULL,NULL),(125,'Quartz 348x348','satin&matt_tiles2.5x2.5-cmm','/img/catalogue/satin&matt/tiles2.5x2.5-cmm/Quartz 348x348.jpg',NULL,119.45,NULL,NULL,NULL,NULL,NULL,NULL,NULL),(160,'Quetsche 348x348','glazed_tiles2.5x2.5-cmm','/img/catalogue/glazed/tiles2.5x2.5-cmm/Quetsche 348x348.jpg',NULL,98.40,NULL,NULL,NULL,NULL,NULL,NULL,NULL),(126,'Resine 348x348','satin&matt_tiles2.5x2.5-cmm','/img/catalogue/satin&matt/tiles2.5x2.5-cmm/Resine 348x348.jpg',NULL,148.24,NULL,NULL,NULL,NULL,NULL,NULL,NULL),(32,'Rose','unglazed_tiles2x2-3.8mm','/img/catalogue/unglazed/tiles2x2-3.8mm/Rose.jpg',NULL,37.00,NULL,NULL,NULL,NULL,NULL,NULL,NULL),(33,'Rouge','unglazed_tiles2x2-3.8mm','/img/catalogue/unglazed/tiles2x2-3.8mm/Rouge.jpg',NULL,32.00,NULL,NULL,NULL,NULL,NULL,NULL,NULL),(127,'Rubis 348x348','satin&matt_tiles2.5x2.5-cmm','/img/catalogue/satin&matt/tiles2.5x2.5-cmm/Rubis 348x348.jpg',NULL,148.24,NULL,NULL,NULL,NULL,NULL,NULL,NULL),(128,'Saphir 348x348','satin&matt_tiles2.5x2.5-cmm','/img/catalogue/satin&matt/tiles2.5x2.5-cmm/Saphir 348x348.jpg',NULL,148.24,NULL,NULL,NULL,NULL,NULL,NULL,NULL),(161,'Schiste 348x348','glazed_tiles2.5x2.5-cmm','/img/catalogue/glazed/tiles2.5x2.5-cmm/Schiste 348x348.jpg',NULL,79.40,NULL,NULL,NULL,NULL,NULL,NULL,NULL),(129,'Silex 348x348','satin&matt_tiles2.5x2.5-cmm','/img/catalogue/satin&matt/tiles2.5x2.5-cmm/Silex 348x348.jpg',NULL,84.45,NULL,NULL,NULL,NULL,NULL,NULL,NULL),(130,'Sodalite 348x348','satin&matt_tiles2.5x2.5-cmm','/img/catalogue/satin&matt/tiles2.5x2.5-cmm/Sodalite 348x348.jpg',NULL,119.45,NULL,NULL,NULL,NULL,NULL,NULL,NULL),(1352,'SP-01','specialoffers_specialoffers','/img/catalogue/specialoffers/specialoffers/SP-01.jpg','Basket weave -White-Super white and black dots 23x50 dots 1.2x1.2 - thickness 5mm. Perfect for floors.',76.00,NULL,NULL,NULL,NULL,NULL,NULL,NULL),(1353,'SP-02','specialoffers_specialoffers','/img/catalogue/specialoffers/specialoffers/SP-02.jpg','Checkerboard white and black tiles size 5cm x 5cm - thickness 5mm. Sheets size 6 tiles by 6 tiles.',58.00,NULL,NULL,NULL,NULL,NULL,NULL,NULL),(1354,'SP-03','specialoffers_specialoffers','/img/catalogue/specialoffers/specialoffers/SP-03.jpg','White and black tiles size 5cm x 5cm thickness 5mm. Sheets size 6 tiles by 6 tiles.',65.00,NULL,NULL,NULL,NULL,NULL,NULL,NULL),(1355,'SP-04','specialoffers_specialoffers','/img/catalogue/specialoffers/specialoffers/SP-04.jpg','Checkerboard white and black tiles size 10cm x 10cm - thickness 9mm. Sheets size 3 tiles by 3 tiles.',97.00,NULL,NULL,NULL,NULL,NULL,NULL,NULL),(1356,'SP-05','specialoffers_specialoffers','/img/catalogue/specialoffers/specialoffers/SP-05.jpg','Checkerboard white and black tiles size 10cm x 10cm - thickness 9mm. Sheets size 3 tiles by 3 tiles.',87.00,NULL,NULL,NULL,NULL,NULL,NULL,NULL),(1357,'SP-06','specialoffers_specialoffers','/img/catalogue/specialoffers/specialoffers/SP-06.jpg','Checkerboard white and black tiles size 10cm x 10cm - thickness 9mm. Sheets size 3 tiles by 3 tiles.',97.00,NULL,NULL,NULL,NULL,NULL,NULL,NULL),(1358,'SP-07','specialoffers_specialoffers','/img/catalogue/specialoffers/specialoffers/SP-07.jpg','Checkerboard white and black tiles size 10cm x 10cm - thickness 9mm. Sheets size 3 tiles by 3 tiles.',97.00,NULL,NULL,NULL,NULL,NULL,NULL,NULL),(1359,'SP-08','specialoffers_specialoffers','/img/catalogue/specialoffers/specialoffers/SP-08.jpg','Checkerboard black and red tiles size 2cm by 2cm thickness 4mm. Sheets size 14 tiles by 14 tiles. Perfect for floors and walls.',37.00,NULL,NULL,NULL,NULL,NULL,NULL,NULL),(1360,'SP-09','specialoffers_specialoffers','/img/catalogue/specialoffers/specialoffers/SP-09.jpg','Checkerboard white and black tiles size 2cm by 2cm thickness 4mm. Sheets size 14 tiles by 14 tiles. Perfect for floors and walls.',37.00,NULL,NULL,NULL,NULL,NULL,NULL,NULL),(1361,'SP-10','specialoffers_specialoffers','/img/catalogue/specialoffers/specialoffers/SP-10.jpg','I am selling checkerboard white and black tiles size 5cm x 5cm - thickness 9mmm. Sheets size 6 tiles buy 6 tiles or we can sell loose tiles. Loose tile 125 £ only sm2. Assemblers 150 £ only sm2 sheets size 6 tiles by 6 tiles. Possible joint 1mm, 2 or 3mm.',125.00,NULL,NULL,NULL,NULL,NULL,NULL,NULL),(1362,'SP-11','specialoffers_specialoffers','/img/catalogue/specialoffers/specialoffers/SP-11.jpg','White and black tiles 100x100-thickness 9mm. Sheets size 3 tiles by 3 tiles or we can sell loose tiles. Loose tiles £ 64 sqm. Assemblers checkeborad £ 84 sqm. Possible joint 2 or 3 mm. ',64.00,NULL,NULL,NULL,NULL,NULL,NULL,NULL),(1363,'SP-12','specialoffers_specialoffers','/img/catalogue/specialoffers/specialoffers/SP-12.jpg','White and black design tiles size 5cm x 5cm - thickness 5mm. Sheets size 6 tiles by 6 tiles.',75.00,NULL,NULL,NULL,NULL,NULL,NULL,NULL),(1364,'SP-13','specialoffers_specialoffers','/img/catalogue/specialoffers/specialoffers/SP-13.jpg','White and black design tiles size 5cm x 5cm - thickness 5mm. Sheets size 6 tiles by 6 tiles.',70.00,NULL,NULL,NULL,NULL,NULL,NULL,NULL),(1365,'SP-14','specialoffers_specialoffers','/img/catalogue/specialoffers/specialoffers/SP-14.jpg','White and black design tiles size 5cm x 5cm - thickness 5mm. Sheets size 6 tiles by 6 tiles.',70.00,NULL,NULL,NULL,NULL,NULL,NULL,NULL),(1366,'SP-15','specialoffers_specialoffers','/img/catalogue/specialoffers/specialoffers/SP-15.jpg','White and black design tiles size 5cm x 5cm - thickness 5mm. Sheets size 6 tiles by 6 tiles.',70.00,NULL,NULL,NULL,NULL,NULL,NULL,NULL),(1367,'SP-16','specialoffers_specialoffers','/img/catalogue/specialoffers/specialoffers/SP-16.jpg','Checkerboard white and red tiles size 2cm by 2cm thickness 4mm.Sheets size 14 tiles by 14 tiles. Perfect for floors and walls.',37.00,NULL,NULL,NULL,NULL,NULL,NULL,NULL),(1368,'SP-17','specialoffers_specialoffers','/img/catalogue/specialoffers/specialoffers/SP-17.jpg','Checkerboard black and red tiles size 5cm x 5cm - thickness 5mm. Sheets size 6 tiles by 6 tiles.',60.00,NULL,NULL,NULL,NULL,NULL,NULL,NULL),(1369,'SP-18','specialoffers_specialoffers','/img/catalogue/specialoffers/specialoffers/SP-18.jpg','Checkerboard white and red tiles size 5cm x 5cm - thickness 5mm. Sheets size 6 tiles by 6 tiles. ',60.00,NULL,NULL,NULL,NULL,NULL,NULL,NULL),(1370,'SP-19','specialoffers_specialoffers','/img/catalogue/specialoffers/specialoffers/SP-19.jpg','Gloss mosaic Tiles for kitchen,floors,walls or bathroom.Over 1.5 sqm ,size sheets 11x11 tiles joint 2mm. Product from BRIARE Harmonie ASTER.',50.00,NULL,NULL,NULL,NULL,NULL,NULL,NULL),(34,'Super Blanc','unglazed_tiles2x2-3.8mm','/img/catalogue/unglazed/tiles2x2-3.8mm/Super Blanc.jpg',NULL,41.00,NULL,NULL,NULL,NULL,NULL,NULL,NULL),(85,'Sydney Design','unglazed_victorian-9mm','/img/catalogue/unglazed/victorian-9mm/pl-x21.jpg',NULL,NULL,339.25,401.25,36.25,NULL,NULL,NULL,NULL),(131,'Topaze 348x348','satin&matt_tiles2.5x2.5-cmm','/img/catalogue/satin&matt/tiles2.5x2.5-cmm/Topaze 348x348.jpg',NULL,148.24,NULL,NULL,NULL,NULL,NULL,NULL,NULL),(162,'Tuile 348x348','glazed_tiles2.5x2.5-cmm','/img/catalogue/glazed/tiles2.5x2.5-cmm/Tuile 348x348.jpg',NULL,79.40,NULL,NULL,NULL,NULL,NULL,NULL,NULL),(132,'Turquoise 348x348','satin&matt_tiles2.5x2.5-cmm','/img/catalogue/satin&matt/tiles2.5x2.5-cmm/Turquoise 348x348.jpg',NULL,148.24,NULL,NULL,NULL,NULL,NULL,NULL,NULL),(35,'Vanille','unglazed_tiles2x2-3.8mm','/img/catalogue/unglazed/tiles2x2-3.8mm/Vanille.jpg',NULL,43.00,NULL,NULL,NULL,NULL,NULL,NULL,NULL),(38,'Vert','unglazed_tiles2x2-3.8mm','/img/catalogue/unglazed/tiles2x2-3.8mm/Vert.jpg',NULL,43.00,NULL,NULL,NULL,NULL,NULL,NULL,NULL),(36,'Vert Fonce','unglazed_tiles2x2-3.8mm','/img/catalogue/unglazed/tiles2x2-3.8mm/Vert Fonce.jpg',NULL,37.00,NULL,NULL,NULL,NULL,NULL,NULL,NULL),(37,'Vert Pale','unglazed_tiles2x2-3.8mm','/img/catalogue/unglazed/tiles2x2-3.8mm/Vert Pale.jpg',NULL,41.00,NULL,NULL,NULL,NULL,NULL,NULL,NULL),(39,'Vieux Rose','unglazed_tiles2x2-3.8mm','/img/catalogue/unglazed/tiles2x2-3.8mm/Vieux Rose.jpg',NULL,43.00,NULL,NULL,NULL,NULL,NULL,NULL,NULL),(87,'w1','unglazed_victorian-9mm','/img/catalogue/unglazed/victorian-9mm/w1.jpg',NULL,NULL,NULL,NULL,NULL,NULL,NULL,NULL,NULL),(88,'w2','unglazed_victorian-9mm','/img/catalogue/unglazed/victorian-9mm/w2.jpg',NULL,NULL,NULL,NULL,NULL,NULL,NULL,NULL,NULL),(89,'w3','unglazed_victorian-9mm','/img/catalogue/unglazed/victorian-9mm/w3.jpg',NULL,NULL,NULL,NULL,NULL,NULL,NULL,NULL,NULL),(163,'Zinnia 348x348','glazed_tiles2.5x2.5-cmm','/img/catalogue/glazed/tiles2.5x2.5-cmm/Zinnia 348x348.jpg',NULL,89.40,NULL,NULL,NULL,NULL,NULL,NULL,NULL);
/*!40000 ALTER TABLE `Products` ENABLE KEYS */;
UNLOCK TABLES;

--
-- Table structure for table `RestorePassword`
--

DROP TABLE IF EXISTS `RestorePassword`;
/*!40101 SET @saved_cs_client     = @@character_set_client */;
/*!40101 SET character_set_client = utf8 */;
CREATE TABLE `RestorePassword` (
  `Email` varchar(255) NOT NULL,
  `NewPassword` char(9) NOT NULL,
  `NewSalt` char(128) NOT NULL,
  `Code` char(128) NOT NULL,
  PRIMARY KEY (`Email`),
  UNIQUE KEY `UserID_UNIQUE` (`Email`)
) ENGINE=InnoDB DEFAULT CHARSET=utf8;
/*!40101 SET character_set_client = @saved_cs_client */;

--
-- Dumping data for table `RestorePassword`
--

LOCK TABLES `RestorePassword` WRITE;
/*!40000 ALTER TABLE `RestorePassword` DISABLE KEYS */;
/*!40000 ALTER TABLE `RestorePassword` ENABLE KEYS */;
UNLOCK TABLES;

--
-- Table structure for table `Users`
--

DROP TABLE IF EXISTS `Users`;
/*!40101 SET @saved_cs_client     = @@character_set_client */;
/*!40101 SET character_set_client = utf8 */;
CREATE TABLE `Users` (
  `UserID` int(10) unsigned NOT NULL AUTO_INCREMENT,
  `Email` varchar(255) NOT NULL,
  `IsAdmin` int(1) NOT NULL,
  `PasswordHash` char(128) NOT NULL,
  `Salt` char(128) NOT NULL,
  PRIMARY KEY (`UserID`),
  UNIQUE KEY `CustomerID_UNIQUE` (`UserID`),
  UNIQUE KEY `Email_UNIQUE` (`Email`)
) ENGINE=InnoDB AUTO_INCREMENT=3 DEFAULT CHARSET=utf8;
/*!40101 SET character_set_client = @saved_cs_client */;

--
-- Dumping data for table `Users`
--

LOCK TABLES `Users` WRITE;
/*!40000 ALTER TABLE `Users` DISABLE KEYS */;
INSERT INTO `Users` VALUES (1,'test@test.com',1,'7721506723ce05ace069262acc6dba77dabcb23cc3e52ce271350f2eb107c74742ff6982359ff47338e83fa02ef60805e2ccf0f3bc2351da36927c64859f6129','v+x1$EQ!lx@eG_+rX6,~*vE*PSm&t!mOWJez$U>;*~/mU$DfJu%qQi:{0j!()[wEvA3<)1[0A%#)Sf\\,z3g%@d9AmIi}uEzP5,NOSyd*b^1V_OLjgS]*VWh8{p2nT,3n'),(2,'asd@dsa.pl',0,'d401587dc019afffe2b9ec39f797e86655f33be4ba45e15abd05a74712c71549793d5fa656b84f0c30371be244c6bd26668efd040f337d4b5a8c140e094769d0','<({Z@o5{}$,4?k,CWj@}aSXFb:#tMqwJ>q<~E24yFV.F6(8q.Il/;8x,4?kfpHOnXL]\'bRoIaf#6\\J[^*:865{Xy/7Dib*wZsiPv03309FvW%hAVd<q8,#|_Jy.Leo?x');
/*!40000 ALTER TABLE `Users` ENABLE KEYS */;
UNLOCK TABLES;
/*!40103 SET TIME_ZONE=@OLD_TIME_ZONE */;

/*!40101 SET SQL_MODE=@OLD_SQL_MODE */;
/*!40014 SET FOREIGN_KEY_CHECKS=@OLD_FOREIGN_KEY_CHECKS */;
/*!40014 SET UNIQUE_CHECKS=@OLD_UNIQUE_CHECKS */;
/*!40101 SET CHARACTER_SET_CLIENT=@OLD_CHARACTER_SET_CLIENT */;
/*!40101 SET CHARACTER_SET_RESULTS=@OLD_CHARACTER_SET_RESULTS */;
/*!40101 SET COLLATION_CONNECTION=@OLD_COLLATION_CONNECTION */;
/*!40111 SET SQL_NOTES=@OLD_SQL_NOTES */;

-- Dump completed on 2014-09-29 17:59:07
